time_ms,accel_filtered,gyro_filtered
65.0,0.0001766827998351399,3.435650892491504
71.0,-0.0004694068784241088,3.4272743479610064
81.0,-0.0010624354756556156,3.418777107860012
91.0,-0.0015391243142633174,3.410002661611619
101.0,-0.0018542995149569473,3.401681531162297
111.0,-0.0019761289140854312,3.395161721672502
121.0,-0.001878287784133543,3.3915379034945237
131.0,-0.0015378421707385502,3.3905694910882462
141.0,-0.0009443432348770845,3.3901211101128137
151.0,-0.00011868702008552253,3.3867389641179497
161.0,0.0008660153497574323,3.3772960986980856
171.0,0.0018722500953048482,3.3608834424397043
181.0,0.0027054006948432213,3.3398411426047097
191.0,0.003148762282419361,3.3191778665536793
201.0,0.00302698696919584,3.3044706533823396
211.0,0.0022841919703768844,3.2992888671545217
221.0,0.001044418631303965,3.3036068341397375
231.0,-0.0003867986548145928,3.3141020639208514
241.0,-0.0016023074989310253,3.326014846662545
251.0,-0.0022329844177874057,3.3353470627825184
261.0,-0.0020867844870549974,3.34022447282309
271.0,-0.0012241979705240763,3.3409720448554276
281.0,6.048340852981735e-05,3.339229989235281
291.0,0.0013409792171522018,3.336845180669969
301.0,0.0022036915855092438,3.3351565247163717
311.0,0.0023842120698714594,3.3348132979544722
321.0,0.0018498837673176544,3.3358543462601937
331.0,0.0008017553674849065,3.3377517363758824
341.0,-0.0004012681808237602,3.339386980934203
351.0,-0.0013635679240868402,3.3391602175508823
361.0,-0.0017725459458596089,3.335446339648138
371.0,-0.001479995599813277,3.32739487491443
381.0,-0.0005317289461394629,3.3156895230461125
391.0,0.0008499166176260684,3.30262937626277
401.0,0.0023219417245622783,3.291210795094323
411.0,0.0035066712515666697,3.2837025105133373
421.0,0.004092907186130016,3.280718201531663
431.0,0.003925874288207685,3.281419353196002
441.0,0.003056434113271159,3.2845820235685776
451.0,0.0017308303603328515,3.289646635786346
461.0,0.00032110458320481583,3.2969977146699585
471.0,-0.0007842160949941241,3.307389856451028
481.0,-0.0012954478545440509,3.321046725559809
491.0,-0.0011066934596994068,3.3370687829780254
501.0,-0.0003243594164517062,3.3534441360659786
511.0,0.000768922293020624,3.3675434818177887
521.0,0.001804815409534188,3.3768116367284793
531.0,0.0024491996477073934,3.379467523129221
541.0,0.002516124006647534,3.3751623180129053
551.0,0.002035876735053199,3.365480013120653
561.0,0.0012450074859190405,3.3539092589427177
571.0,0.0004942123988793675,3.34483366815718
581.0,0.00011013336104307572,3.3415983590706846
591.0,0.00027231496031179564,3.3446405277803106
601.0,0.0009570969776093659,3.3510695734311846
611.0,0.001964119997234399,3.3562398430026583
621.0,0.0030033441610857504,3.3564087154841786
631.0,0.0037992665589998004,3.3508412892317256
641.0,0.004168964429092031,3.3421779896411903
651.0,0.004049927249480838,3.3349345867792257
661.0,0.003483581681800443,3.3329541542365555
671.0,0.0025815733175089026,3.3371212404369897
681.0,0.0014976294231008908,3.344559133200865
691.0,0.0004050476419463259,3.3498655490675024
701.0,-0.000533098213194104,3.347855798121077
711.0,-0.0012004503649410852,3.336309415277189
721.0,-0.0015506436834961184,3.3171376959435337
731.0,-0.0016028248787301866,3.2953954286673737
741.0,-0.0014192010866358805,3.276879237952014
751.0,-0.0010852318586913625,3.265727757151992
761.0,-0.0006998432298750972,3.2631438000178425
771.0,-0.00036639146266587,3.267497693745794
781.0,-0.00017413042611660388,3.275338882308362
791.0,-0.00017227848275802346,3.28267544908448
801.0,-0.0003492528074094896,3.2861575258935987
811.0,-0.0006286594010714409,3.284037590659492
821.0,-0.0008861173451265606,3.2767151183999523
831.0,-0.0009848224920830258,3.266586185605905
841.0,-0.0008214172199109138,3.2571428008326198
851.0,-0.00036628067728307264,3.2516301159083625
861.0,0.0003183955050703099,3.251736888785027
871.0,0.001090617401244326,3.256790917599262
881.0,0.001768326242709926,3.26387844088272
891.0,0.002187291659817642,3.269031744976346
901.0,0.002260427527215949,3.2690261779122
911.0,0.002015831434857523,3.262820420874117
921.0,0.0015928595367654765,3.251831695383238
931.0,0.0011898209762986334,3.239020176095739
941.0,0.0009809068812407216,3.2274737634107225
951.0,0.0010411032683089177,3.2192568192909436
961.0,0.0013178396154301345,3.2148820733151906
971.0,0.0016623132522545275,3.213445471351206
981.0,0.001899643905011584,3.213338750110823
991.0,0.0018992964014069537,3.213239193863609
1001.0,0.001615096629334568,3.2128549609435146
1011.0,0.0010876181438221981,3.2130549104571826
1021.0,0.00042180731447035997,3.21545247120726
1031.0,-0.000243158663881675,3.2217428761743063
1041.0,-0.0007646654476364975,3.2329665223596264
1051.0,-0.0010308767897566685,3.248793172961911
1061.0,-0.0009977586807514841,3.2671420824349595
1071.0,-0.0007143597484155829,3.284587534421273
1081.0,-0.0003152833921638375,3.2975991648458756
1091.0,2.6726149522345895e-05,3.3039867700309413
1101.0,0.00016865982595512064,3.303661402090314
1111.0,5.0048422570570663e-05,3.298267103592626
1121.0,-0.00029460091700088,3.290003845500798
1131.0,-0.0007604889276821361,3.2804758979698354
1141.0,-0.0012103754423674153,3.27030130981317
1151.0,-0.0015069571462552748,3.259579249962232
1161.0,-0.001541506736604691,3.24865101233594
1171.0,-0.001266938706744638,3.2384699805831048
1181.0,-0.0007268066377513271,3.2303625075033553
1191.0,-5.667522968485142e-05,3.2254980594207563
1201.0,0.0005555613933729195,3.2245045899927196
1211.0,0.0009369193241054112,3.2274004912228924
1221.0,0.000991631615889364,3.2337229380873667
1231.0,0.0007286004749659924,3.2426405160610114
1241.0,0.00024503145766177923,3.252958577748085
1251.0,-0.0003184768397553853,3.2631300221630957
1261.0,-0.0008254108556626479,3.271453667698018
1271.0,-0.001174550938730218,3.276492386887747
1281.0,-0.0013116530065704023,3.277555169479987
1291.0,-0.0012302902221548529,3.2750376436166118
1301.0,-0.000971168806313899,3.270466192753776
1311.0,-0.000619211363077261,3.266176040145742
1321.0,-0.00028899996942402376,3.2646865443982813
1331.0,-9.411313982877612e-05,3.2679662967691443
1341.0,-0.00010965942635848838,3.276813368441646
1351.0,-0.00034431746763084883,3.2905156898497703
1361.0,-0.0007341191108131935,3.3068712377497556
1371.0,-0.001161686335542639,3.3225977252329773
1381.0,-0.0014952790656810862,3.334136851362923
1391.0,-0.0016337189207093958,3.3387281385112804
1401.0,-0.001540145668620281,3.3353645816105084
1411.0,-0.0012516873479608607,3.3251357925573624
1421.0,-0.0008625178324217987,3.3107518775749454
1431.0,-0.0004895480980916519,3.2954987322639795
1441.0,-0.0002344327074056364,3.282129657945952
1451.0,-0.000151166005467363,3.272173322822606
1461.0,-0.00022453262475754593,3.265915074773177
1471.0,-0.00036594380805776526,3.262935089386191
1481.0,-0.00043426560211282697,3.2627515455156106
1491.0,-0.00028479088685629786,3.2651099326639983
1501.0,0.00016291529521904303,3.2697990735105176
1511.0,0.0008670233712898595,3.2762535913755193
1521.0,0.0016550975494519116,3.2833390742744366
1531.0,0.0022858518315015675,3.289573751892087
1541.0,0.0025565836291482603,3.2937403056266183
1551.0,0.002397972164604104,3.2955369521839315
1561.0,0.001902869132423153,3.295792357639123
1571.0,0.0012728409963930327,3.2959901118692545
1581.0,0.0007111712748502543,3.2973424369012787
1591.0,0.0003216348477920025,3.3000099590057523
1601.0,7.122054881933594e-05,3.3029197486338937
1611.0,-0.00016291928203100784,3.304170201212023
1621.0,-0.000495999382954482,3.3017639909061867
1631.0,-0.0009527978882835556,3.2945000997607847
1641.0,-0.0014489529814639055,3.2828494630783194
1651.0,-0.0018377147020821722,3.2693578538799386
1661.0,-0.001985135412796203,3.2580654791287924
1671.0,-0.0018326873413577586,3.2529896567772143
1681.0,-0.0014229180588731876,3.256415539854846
1691.0,-0.0008803954026553537,3.2678786769124315
1701.0,-0.00035769159757472043,3.2842952991368044
1711.0,2.413352658271127e-05,3.301157877400162
1721.0,0.0002073130462600162,3.314293353680034
1731.0,0.00019172765823374698,3.3214092644245237
1741.0,1.1814162014154995e-05,3.3226945243507977
1751.0,-0.0002787601656272242,3.320247085581417
1761.0,-0.0006093091279740593,3.316805633321499
1771.0,-0.0008944292521441264,3.314587379039527
1781.0,-0.001049921197578928,3.314728030365739
1791.0,-0.001023177833501837,3.317267737368787
1801.0,-0.0008233091303088162,3.321355132700204
1811.0,-0.0005276384057669275,3.325464231795365
1821.0,-0.0002510938638640658,3.327676426202505
1831.0,-9.106916117663831e-05,3.3261858745335027
1841.0,-8.042800318734084e-05,3.3200394878385318
1851.0,-0.00017733747433155747,3.3098282287813166
1861.0,-0.0002961194315168696,3.2978603352080973
1871.0,-0.000356759765396324,3.2875169188881763
1881.0,-0.0003220307665066133,3.281972660662413
1891.0,-0.00020657756390865173,3.2828791619687756
1901.0,-6.451729654002506e-05,3.289629044880393
1911.0,3.147358174494797e-05,3.299477566426888
1921.0,1.5071401525624863e-05,3.308385485290375
1931.0,-0.00014525924675231583,3.3122459079433417
1941.0,-0.00042268851512278037,3.308198438034241
1951.0,-0.0007287446541071104,3.295762475650618
1961.0,-0.0009398900852470555,3.277382734539604
1971.0,-0.0009480471193046419,3.2579343875059594
1981.0,-0.0007137359337922457,3.243122469166776
1991.0,-0.00029210399923299403,3.237396022234966
2001.0,0.00018949038877395227,3.2424089394569675
2011.0,0.0005938233652646956,3.2567598229589096
2021.0,0.0008366048034213463,3.276923852699327
2031.0,0.0009101420352497738,3.2986486828129764
2041.0,0.0008608858869865599,3.3181025587041835
2051.0,0.0007464731712772141,3.332513370889551
2061.0,0.0006040893561824127,3.3403856070378226
2071.0,0.00044581432795315383,3.3414167347468506
2081.0,0.00027581303929645083,3.33617157655961
2091.0,0.00011104564388479038,3.3256709664762973
2101.0,-1.2973400999064552e-05,3.3112043402412175
2111.0,-5.7716040992864194e-05,3.2945193687567835
2121.0,-9.139984827105122e-06,3.2780762884423065
2131.0,0.00010060957663486117,3.264826224295474
2141.0,0.00019256690234574134,3.2573357157463168
2151.0,0.00016704960310779616,3.2566846112846073
2161.0,-5.106627047450997e-05,3.261836094589967
2171.0,-0.0004691054571952473,3.2699318204561014
2181.0,-0.0010107960060968463,3.2774416667778428
2191.0,-0.001539390533594709,3.2816655428422394
2201.0,-0.0019077610390392597,3.2819563972340764
2211.0,-0.0020098493142904606,3.2801410367152855
2221.0,-0.0018120603136542084,3.2798227827955944
2231.0,-0.0013586629248257065,3.2846447145399673
2241.0,-0.0007596129845410647,3.2962198063687653
2251.0,-0.00017062273700169748,3.312842067386701
2261.0,0.00023554756860102405,3.3297608856996033
2271.0,0.00031287786241992923,3.3409254471232686
2281.0,-5.518233572068995e-06,3.341368594201244
2291.0,-0.0006706951196123254,3.329200272095365
2301.0,-0.0015216392416481732,3.3064804895380036
2311.0,-0.002334209697792297,3.2787718850867367
2321.0,-0.0028965115550076232,3.253595927454342
2331.0,-0.0030803662975341997,3.2382016262789266
2341.0,-0.0028810856470707076,3.237191649545201
2351.0,-0.0024110795036182894,3.2507713990074874
2361.0,-0.0018523982195439443,3.2744127310995164
2371.0,-0.0013906015563560814,3.3002179197159114
2381.0,-0.001157520519146575,3.3194678328623177
2391.0,-0.0011999550509637108,3.325378756421136
2401.0,-0.0014737152878505368,3.3151846988951315
2411.0,-0.0018547758727222082,3.2909569281640563
2421.0,-0.0021673736556825384,3.2588782350201373
2431.0,-0.002234999944641981,3.227183431332454
2441.0,-0.001947463989739343,3.2035802522851364
2451.0,-0.0013165622066346869,3.193159366619847
2461.0,-0.0004887855013671887,3.1973715239067526
2471.0,0.00029786764604974083,3.214061084380884
2481.0,0.0007989999828028356,3.2382960524349267
2491.0,0.0008575543845706303,3.263760522273387
2501.0,0.0004674059593714198,3.284449385880967
2511.0,-0.00022307071617244968,3.2962637730409066
2521.0,-0.000973124703423065,3.298039018768609
2531.0,-0.0015486693412987216,3.2916719619357395
2541.0,-0.0018056619492105741,3.2813141644095163
2551.0,-0.0017152486975715933,3.271935555998336
2561.0,-0.0013292308377543505,3.2677586477597726
2571.0,-0.0007244386588457488,3.2710144078028938
2581.0,2.9118675926509372e-05,3.281297436212249
2591.0,0.000861383651478733,3.295671315307973
2601.0,0.0016788497150100079,3.3095675842148147
2611.0,0.0023596546573463485,3.3183035024835412
2621.0,0.002784190247758553,3.31872708007657
2631.0,0.002886842112422075,3.3103001526962084
2641.0,0.0026931535710605337,3.295113215434952
2651.0,0.0023117115456256416,3.276876649345316
2661.0,0.0018808975307247078,3.259462184851432
2671.0,0.0015049642236162678,3.2457086050948694
2681.0,0.0012218024687264404,3.236956777280981
2691.0,0.0010178491442643322,3.2333455613751263
2701.0,0.0008679218801619073,3.2344787180180448
2711.0,0.0007630138086402203,3.239882599748992
2721.0,0.0007075832995058306,3.2489149765172654
2731.0,0.0006985834107007103,3.2603687814699254
2741.0,0.0007123864204811813,3.272408705143675
2751.0,0.000713623956972423,3.28318158884889
2761.0,0.000677519154562132,3.2917111437621833
2771.0,0.0006067224146080167,3.2983189570035263
2781.0,0.0005308197709926231,3.304153723618027
2791.0,0.0004897525422533314,3.3100831722528783
2801.0,0.0005110585911282794,3.315668280095138
2811.0,0.0005939256292867818,3.318919735518261
2821.0,0.0007095667669474734,3.317089495423292
2831.0,0.0008169729486493723,3.3081637831826147
2841.0,0.0008828565718878205,3.292304039271111
2851.0,0.0008939022803073389,3.27242480350209
2861.0,0.0008583278234273064,3.253470448693194
2871.0,0.0008018867901220062,3.240621392129781
2881.0,0.0007619241833870323,3.2372477252969563
2891.0,0.0007766555920981955,3.243549413533508
2901.0,0.0008678692224130096,3.2564464112448985
2911.0,0.001025090790337008,3.2707254011353495
2921.0,0.0012047421045095583,3.2809811576965866
2931.0,0.001348528448486309,3.283594548111489
2941.0,0.0014085842857081312,3.277982571533641
2951.0,0.001361422501834009,3.266699205507585
2961.0,0.0012048617246112642,3.254417725309264
2971.0,0.000947365458570752,3.246136584209509
2981.0,0.0006030316844031486,3.2451948038934164
2991.0,0.0001986495630164442,3.251886074442161
3001.0,-0.00021239011704390912,3.2633339084511084
3011.0,-0.0005462093954511902,3.27471812686437
3021.0,-0.0007116710882770846,3.2812857356096927
3031.0,-0.0006576789555051059,3.280237742035267
3041.0,-0.0004150523953916625,3.2716787709976507
3051.0,-9.848549572224577e-05,3.2583060511304023
3061.0,0.00014018090244014196,3.2441856771598925
3071.0,0.000180628454178832,3.233376511458521
3081.0,-1.682408912046064e-05,3.22899745855969
3091.0,-0.0004058733570967455,3.2328052921000943
3101.0,-0.0008861185819457705,3.2450171914946533
3111.0,-0.0013479253569644858,3.2642363989156546
3121.0,-0.0017069918525451661,3.2875904291685676
3131.0,-0.0019151676985062376,3.3111552370723194
3141.0,-0.001948498319438454,3.3305401141369897
3151.0,-0.0017894184287793966,3.341541293126171
3161.0,-0.0014240802880235207,3.34096781809888
3171.0,-0.0008600171966427908,3.327666056182459
3181.0,-0.00014959989826004001,3.3033761729022793
3191.0,0.0005978823383507528,3.2727983502429514
3201.0,0.0012228120711435674,3.242488426784873
3211.0,0.0015441460983327262,3.2188662919589324
3221.0,0.0014136483135878406,3.2062535193968724
3231.0,0.0007831531393288552,3.2059069823770803
3241.0,-0.0002496701383630708,3.2163489839235746
3251.0,-0.0014506115333497711,3.2344491023418342
3261.0,-0.002515942418840794,3.256402856087379
3271.0,-0.0031672881255707824,3.2781763748375736
3281.0,-0.0032356011389953164,3.2956934417203914
3291.0,-0.0027070852770712706,3.305358582196301
3301.0,-0.0017203548083539785,3.3051184537917893
3311.0,-0.0005193405216397729,3.295525457547729
3321.0,0.0006197773677041205,3.279938646725
3331.0,0.0014631331031705853,3.263454546402078
3341.0,0.001876142061377246,3.251015790011948
3351.0,0.001852684866113878,3.245688802579307
3361.0,0.0015103818237289734,3.2479361249130245
3371.0,0.0010478829292091074,3.256018894291673
3381.0,0.0006682814281540286,3.2670408743166086
3391.0,0.0004911179648922408,3.2780128595842632
3401.0,0.0004945178323820312,3.2865744201283547
3411.0,0.000525993752084973,3.291334277735262
3421.0,0.00038545433616283555,3.2919815252649767
3431.0,-6.049118523670468e-05,3.2892874075124237
3441.0,-0.000794833755995915,3.284910600841842
3451.0,-0.0016434247045520667,3.280808694316265
3461.0,-0.0023494413660757165,3.2782980788306273
3471.0,-0.0026885594059741585,3.277248265978838
3481.0,-0.0025638203925176933,3.276045078136621
3491.0,-0.002035241011880519,3.27252120146861
3501.0,-0.001279650306735037,3.2653600869151624
3511.0,-0.0005132328669218333,3.2551371408482246
3521.0,8.109042651125261e-05,3.244406676369967
3531.0,0.0003980021866862516,3.2367954982052645
3541.0,0.00042622839425776143,3.2355356873518843
3551.0,0.0002440592778053333,3.2420946947866973
3561.0,-6.735124671796335e-06,3.255525042733226
3571.0,-0.00017083747682978252,3.2728369987486254
3581.0,-0.0001415271891392079,3.2901773632901166
3591.0,9.233670056938933e-05,3.304187478103368
3601.0,0.0004399612124244779,3.3129159131523878
3611.0,0.0007464323109526266,3.3160294594169897
3621.0,0.0008542178806592769,3.3144641797176075
3631.0,0.0006611419080552883,3.3098177204611567
3641.0,0.00015803462067119961,3.3037241223320333
3651.0,-0.0005606142628874142,3.297384177731775
3661.0,-0.0013186099046336003,3.291431086271197
3671.0,-0.0019140773547571981,3.2862173018238017
3681.0,-0.0021943599955198336,3.2823203534647654
3691.0,-0.0021178093665475363,3.28083850006199
3701.0,-0.0017713315483760268,3.283170434929459
3711.0,-0.00133317748447793,3.290365823878064
3721.0,-0.0009983398327090861,3.3024341398534895
3731.0,-0.0009030551903644567,3.3179772956536357
3741.0,-0.0010845017006323038,3.3342995510904387
3751.0,-0.001490620268714389,3.347997302427575
3761.0,-0.0020240719288661616,3.355917983335288
3771.0,-0.002585624114407594,3.3561572587632207
3781.0,-0.0030925059379309306,3.3486243893036876
3791.0,-0.003475676708219159,3.3349498019378188
3801.0,-0.0036759369181774927,3.317947965244827
3811.0,-0.003650000692755837,3.300977508790034
3821.0,-0.0033817719348417617,3.2872919104489426
3831.0,-0.002888816578337537,3.2793057143413247
3841.0,-0.002218572677113903,3.2779041670752864
3851.0,-0.001436895345323182,3.2821997404777616
3861.0,-0.0006185320733180383,3.290005966633059
3871.0,0.00015319342614886696,3.2987845080652316
3881.0,0.0007842631777453643,3.3064866660891896
3891.0,0.0011820024097958072,3.311914060799177
3901.0,0.0012869057813054549,3.314680337421708
3911.0,0.0011076585620430248,3.3150774020363194
3921.0,0.0007342422588775581,3.313998691565792
3931.0,0.00031691761934224996,3.3127939056161404
3941.0,1.809848107151681e-05,3.312871957527536
3951.0,-4.487747344369291e-05,3.315133121509167
3961.0,0.00015465268153156368,3.319574509985744
3971.0,0.0005381237624559543,3.325314319727549
3981.0,0.0009490668374730133,3.330954472408034
3991.0,0.001214068408804952,3.33503579667964
4001.0,0.0012099892447927768,3.3364023278973463
4011.0,0.0009077624722297586,3.3344247478703615
4021.0,0.0003785738809673737,3.329131840422847
4031.0,-0.00023433846122368243,3.3212468863306484
4041.0,-0.0007654390682898547,3.3119802782256795
4051.0,-0.001080676861437132,3.3025490282354433
4061.0,-0.0011168784657696828,3.293794468485219
4071.0,-0.0008949769720840595,3.2863223942961115
4081.0,-0.0005071268760505451,3.2809990239238354
4091.0,-8.575706803498197e-05,3.2791016924718766
4101.0,0.00023702624721904544,3.281690722663772
4111.0,0.0003719020872872622,3.2885694933474543
4121.0,0.00030476543340572025,3.297683224738469
4131.0,0.00010411772107916241,3.3055720083575393
4141.0,-0.00010484527037421098,3.3087925119049117
4151.0,-0.00019183431760097787,3.3055589465336928
4161.0,-7.600969296862737e-05,3.2966460297361295
4171.0,0.00024198085950005857,3.2849676071594467
4181.0,0.0006822169393319555,3.273991559459904
4191.0,0.001114862326300066,3.26588682634903
4201.0,0.001401800760771933,3.2605545847460213
4211.0,0.0014401666248235105,3.256174439959862
4221.0,0.0012007112069182826,3.2508771732270487
4231.0,0.000749262745298503,3.2444121288486603
4241.0,0.00023602129815013405,3.238760303780507
4251.0,-0.00015318851682065673,3.237374008760079
4261.0,-0.0002689521984798778,3.243476074056669
4271.0,-6.185738666641533e-05,3.258202850947174
4281.0,0.00039307994170262767,3.2793701569939793
4291.0,0.0009222400923599446,3.3015028903534427
4301.0,0.0013155999500904768,3.3174660608105437
4311.0,0.0013971470787840252,3.321323340102524
4321.0,0.0010783815113685883,3.3111181357340964
4331.0,0.00038286877695208494,3.289973572820203
4341.0,-0.000560156255220431,3.2648091111068096
4351.0,-0.0015516257040245382,3.2434593913201035
4361.0,-0.0023812620030691585,3.2318297952136006
4371.0,-0.0028916882932809285,3.232374599483367
4381.0,-0.003023208761026483,3.2441296053549133
4391.0,-0.0028198743536642355,3.263673395182021
4401.0,-0.0023956645938504237,3.286287434156244
4411.0,-0.0018811912920317735,3.3070425744284306
4421.0,-0.001381971352124948,3.3218329751514952
4431.0,-0.0009680336287068012,3.328181541254441
4441.0,-0.0006879220442721426,3.3254826060226224
4451.0,-0.0005821244362016966,3.314679931904563
4461.0,-0.0006785020697307271,3.2977752318557543
4471.0,-0.0009749354399220641,3.2774760448237075
4481.0,-0.001426695907077309,3.256939692378133
4491.0,-0.0019483908501419552,3.239439345356954
4501.0,-0.002428311479248764,3.227869969995479
4511.0,-0.002751602824731218,3.2241025073188716
4521.0,-0.0028314752180538362,3.228312757382429
4531.0,-0.002642754494884675,3.2386276772780653
4541.0,-0.0022421327432536496,3.251517835812016
4551.0,-0.001756934602161,3.2630327827019308
4561.0,-0.0013373604247270993,3.2703674226491466
4571.0,-0.0010912391843402637,3.272896863359787
4581.0,-0.0010366007070940716,3.2720871183393627
4591.0,-0.001099241185515738,3.2703931202707
4601.0,-0.0011553069576609733,3.2698444453392845
4611.0,-0.001094582766088618,3.271085016467272
4621.0,-0.0008727597664019469,3.273241624608077
4631.0,-0.0005292107221159317,3.274519505975138
4641.0,-0.00016402240290968955,3.2731457028598347
4651.0,0.0001130924627665339,3.2682533158801506
4661.0,0.00023613441432609564,3.260424828190606
4671.0,0.00021024465210958674,3.251743761692655
4681.0,9.790847398036559e-05,3.2452730084874735
4691.0,-2.553834823665462e-05,3.2439905736983117
4701.0,-0.00011466666243435748,3.2494794186756577
4711.0,-0.00016493155735082527,3.2609630710235824
4721.0,-0.0001886755256126116,3.275319569068263
4731.0,-0.00018180056374137666,3.288289687529534
4741.0,-0.00011375995207227762,3.2963263682891326
4751.0,4.7214410268782e-05,3.2979968040307464
4761.0,0.0002935549410035197,3.29416087159438
4771.0,0.0005574958511632248,3.2870768858119885
4781.0,0.000730583185995515,3.2792075948986676
4791.0,0.0007167726752191525,3.272365812718196
4801.0,0.0004938755792974036,3.267360164045384
4811.0,0.00015139566714185405,3.2640294932394274
4821.0,-0.00012473882428120877,3.261583551363625
4831.0,-0.0001296906527472066,3.259206889081334
4841.0,0.00024983973002362024,3.256705410487552
4851.0,0.0009524404149694337,3.2547603714569235
4861.0,0.0017400273143165215,3.254493535044361
4871.0,0.0022873090663248115,3.256581914969438
4881.0,0.0023227765894566557,3.2606041997154627
4891.0,0.001756309627789818,3.265151614596976
4901.0,0.0007356755352552136,3.268586852017752
4911.0,-0.0003956334286152918,3.2698129434648457
4921.0,-0.0012249303096851648,3.2685023430720284
4931.0,-0.0014298086950554967,3.2647736568961805
4941.0,-0.0009049072007207258,3.2587315123634744
4951.0,0.00019625528008335646,3.2502866321941872
4961.0,0.001522920804105662,3.239381693594937
4971.0,0.0026663041648003092,3.2264477570976466
4981.0,0.0033130244343176265,3.212777192839306
4991.0,0.003344819625771931,3.200529817165157
5001.0,0.0028509467670704567,3.192220725266823
5011.0,0.0020658686527757837,3.189764735388953
5021.0,0.0012718151396388499,3.1934589945446645
5031.0,0.0007068783202790137,3.2014905867123455
5041.0,0.0005053570233272911,3.2104348799292177
5051.0,0.0006790387657265802,3.21672487366592
5061.0,0.0011331745176930844,3.2184457092774736
5071.0,0.0017039356861099765,3.216464349871596
5081.0,0.002205281384084782,3.214163810325038
5091.0,0.002476711198920671,3.2158050714580404
5101.0,0.0024229906768448795,3.224345816477321
5111.0,0.002034321668294498,3.2399130660949718
5121.0,0.0013801571662033429,3.25973423964324
5131.0,0.0005835390855770894,3.279402088705397
5141.0,-0.00020910490865321782,3.2946465092213506
5151.0,-0.0008553691092283316,3.3027811539634335
5161.0,-0.0012442605854020253,3.3033962394404477
5171.0,-0.0013227882054693716,3.298224736947788
5181.0,-0.0011110571106125483,3.290335356527072
5191.0,-0.0006956505914978325,3.2829915620657317
5201.0,-0.0002014584821745007,3.278610508500164
5211.0,0.0002483335684184442,3.2781593992757148
5221.0,0.0005690987729714483,3.2810958229208342
5231.0,0.0007331635233887294,3.2857614067266097
5241.0,0.0007626647163548722,3.2900615273467464
5251.0,0.0007033453703339734,3.2922488559640435
5261.0,0.0005939189167578027,3.2915982114446365
5271.0,0.00044504503589007935,3.2887475301723947
5281.0,0.00023770248365541697,3.2855544532825047
5291.0,-5.722234946565136e-05,3.2844548740776838
5301.0,-0.000449693223798239,3.2874614411286727
5311.0,-0.0009125608943690024,3.2951360812822865
5321.0,-0.0013891518485092391,3.306046260180732
5331.0,-0.0018207867162508562,3.317102525441645
5341.0,-0.002171920534816088,3.324679060186421
5351.0,-0.0024322608331457576,3.32592516798391
5361.0,-0.002595878809154847,3.3196411043387735
5371.0,-0.0026392796341376578,3.306482572069821
5381.0,-0.0025217794205682283,3.288647221658182
5391.0,-0.002211131859279602,3.2692880456480795
5401.0,-0.001716575987557737,3.2517910012986224
5411.0,-0.0011073651539102087,3.2390078887553617
5421.0,-0.0005040800415023432,3.232606405987754
5431.0,-4.1952462254798533e-05,3.2327291068781157
5441.0,0.00018243540822606224,3.2380571574035133
5451.0,0.0001559057934762782,3.2462348282569327
5461.0,-4.5205851256123315e-05,3.25449888506214
5471.0,-0.0002977001461359673,3.260304874707009
5481.0,-0.000497456757368537,3.2618227983457793
5491.0,-0.0006058965210489824,3.2583322654228235
5501.0,-0.0006514590989847099,3.2505413319829333
5511.0,-0.0006933851291100959,3.240661123777336
5521.0,-0.0007758957403341968,3.2319947264107394
5531.0,-0.0009000520760534806,3.2280053004485882
5541.0,-0.0010257480588329035,3.231149433003742
5551.0,-0.001098410698279957,3.2419699626261034
5561.0,-0.0010815128874915364,3.258885194779246
5571.0,-0.0009736165132548074,3.2787681141785856
5581.0,-0.0008024252688845998,3.2980057561474783
5591.0,-0.000610066524257912,3.3135664474465516
5601.0,-0.0004494190026124129,3.3237242512862655
5611.0,-0.00038927937456073597,3.328319022445306
5621.0,-0.000503693590264175,3.328619016484125
5631.0,-0.0008329169173083309,3.326921706162529
5641.0,-0.0013401657838180813,3.325964464290963
5651.0,-0.0019040075829016016,3.3281349220560648
5661.0,-0.002360918484955188,3.33453823475496
5671.0,-0.002573763062602217,3.3442321783487428
5681.0,-0.00248559723460327,3.354157477109866
5691.0,-0.00213259724793309,3.360106221522965
5701.0,-0.0016180302953303107,3.358438443247526
5711.0,-0.0010677084715043235,3.347692088450543
5721.0,-0.0005864527612737956,3.3292912348011496
5731.0,-0.0002264647931124595,3.307133975505519
5741.0,2.3849023694523965e-05,3.286329378943364
5751.0,0.00022404332941028092,3.2714786927612365
5761.0,0.00044442822136922446,3.264961310586236
5771.0,0.0007262344542296518,3.265895945184907
5781.0,0.0010583191337406278,3.270444964303325
5791.0,0.0013807267123953544,3.273531983937454
5801.0,0.0016137205115963878,3.2711612235147887
5811.0,0.0016978826101709248,3.262123279029358
5821.0,0.0016250391668617575,3.2482853936584344
5831.0,0.001446888788009734,3.2335170225550973
5841.0,0.0012582889865592117,3.221987248827122
5851.0,0.001157732785247755,3.216743018202349
5861.0,0.0011959784903997001,3.2191265026906786
5871.0,0.0013369393648125763,3.228973559318441
5881.0,0.0014583472513943687,3.2450892546555905
5891.0,0.0014028731738973826,3.265543409970529
5901.0,0.001061286603428608,3.2877430839064457
5911.0,0.0004454252819958715,3.3085588915252178
5921.0,-0.0002937121829941264,3.3247299240271477
5931.0,-0.0009218427144385561,3.3335054894924245
5941.0,-0.0012278493659168795,3.333312333977506
5951.0,-0.001124241159107663,3.324268246765734
5961.0,-0.0006852301518709263,3.308446273567427
5971.0,-0.00010241405260072869,3.289755286045072
5981.0,0.00041367706736962257,3.2732254368991027
5991.0,0.0007304676404661345,3.2636592771169464
6001.0,0.0008391843532900916,3.2640785412130597
6011.0,0.0008301687063013291,3.274729675506945
6021.0,0.0008169203290613166,3.2931537732557215
6031.0,0.0008589756179308357,3.315148938064306
6041.0,0.000934323785487001,3.336014013109748
6051.0,0.000974756762879869,3.351585226944324
6061.0,0.000930255325474341,3.358943436519212
6071.0,0.000811653195719589,3.3568740788438376
6081.0,0.0006844280710626738,3.346118731926426
6091.0,0.0006245824716175969,3.3292837155246056
6101.0,0.0006694247390842845,3.3101865303535734
6111.0,0.0007922351611003572,3.2926417573509426
6121.0,0.0009118634551506302,3.2791385081361777
6131.0,0.0009307408208535381,3.27012664264348
6141.0,0.0007832563062091073,3.264371649762372
6151.0,0.0004731084400849044,3.2601903038476627
6161.0,8.509577599645807e-05,3.2568168340106016
6171.0,-0.0002321625606423751,3.255051566540375
6181.0,-0.0003103076825075967,3.256759407718923
6191.0,-2.5777104855864043e-05,3.2634855190778937
6201.0,0.000633628044255076,3.2750430618695576
6211.0,0.001532637085516282,3.28898872844558
6221.0,0.0024139295501499403,3.301328177114656
6231.0,0.002991118195868611,3.3080174024608184
6241.0,0.0030748151447406373,3.3064746575644546
6251.0,0.0026651492029453844,3.296546794846096
6261.0,0.001951532169496331,3.280756680234096
6271.0,0.0012144539412626465,3.263794628640656
6281.0,0.0006865947684079931,3.251225786110517
6291.0,0.00045180114680754533,3.247627993072749
6301.0,0.0004291840649394754,3.2548321801752276
6311.0,0.00043670657652309617,3.2711349720429186
6321.0,0.0002915457822986043,3.2919407691437828
6331.0,-0.0001018389570828047,3.3115007738553435
6341.0,-0.000709797502246235,3.3248611887623736
6351.0,-0.00138582513205249,3.329214177083653
6361.0,-0.0019352252758359407,3.324372483867217
6371.0,-0.002199096114546041,3.312520356701601
6381.0,-0.002120748173849625,3.297473450206649
6391.0,-0.001767073034279215,3.2836158346801105
6401.0,-0.001298608102085769,3.2746890442071477
6411.0,-0.0009032684768500653,3.272684295984053
6421.0,-0.0007214430335808271,3.277213889106264
6431.0,-0.0007903777169916698,3.285785291051616
6441.0,-0.00102538306887397,3.295028729252093
6451.0,-0.0012436912223160353,3.3022003484731814
6461.0,-0.0012286435030871802,3.3060092804074594
6471.0,-0.0008201162938016904,3.3064715122404236
6481.0,8.053488741498072e-07,3.3043388242626164
6491.0,0.0010741737882950817,3.3007361375385473
6501.0,0.0020973184048587736,3.29705750041702
6511.0,0.0027275282829915624,3.294730202185925
6521.0,0.002710430310329667,3.2946237941137864
6531.0,0.001979428816120809,3.296391234348663
6541.0,0.000685033101285327,3.2983123178690597
6551.0,-0.00085440073405972,3.2979759492286886
6561.0,-0.0022560703732359914,3.293547449408338
6571.0,-0.0031899337744483516,3.2848662108520212
6581.0,-0.0034727260279079136,3.273655822079021
6591.0,-0.0031132357157340543,3.2627145834979046
6601.0,-0.0022959824652096146,3.2545930187678764
6611.0,-0.0013081860046653803,3.2505091504006587
6621.0,-0.0004363725564227889,3.250049373714386
6631.0,0.00012810308059314887,3.251716804106195
6641.0,0.0003393031117675892,3.253888609265942
6651.0,0.00028639065847581616,3.2555755766290133
6661.0,0.0001326439702580067,3.25666161210182
6671.0,3.5329192854523956e-05,3.257708132698071
6681.0,8.437527107870529e-05,3.2595447941022795
6691.0,0.00028493650404146857,3.262778050261737
6701.0,0.0005817345668581397,3.2673275920050906
6711.0,0.0008993061017547017,3.272201498061281
6721.0,0.0011712716569885903,3.275728647032346
6731.0,0.0013507755848153793,3.2762212587761357
6741.0,0.001411498447783761,3.2727058658184593
6751.0,0.0013501881734187585,3.265326943624805
6761.0,0.00119191019830609,3.2553698702360214
6771.0,0.00098978417109109,3.245126273379331
6781.0,0.0008098536051396453,3.237692087689987
6791.0,0.0007011036229351892,3.2364937450279423
6801.0,0.0006660190409891879,3.2443339212867897
6811.0,0.0006545610231135909,3.262125291211865
6821.0,0.0005913055680618818,3.2879191176315907
6831.0,0.0004210026574111523,3.316915425663873
6841.0,0.0001459280319718434,3.3427006934966523
6851.0,-0.00016370146430574404,3.3592789916331705
6861.0,-0.0003902411764864464,3.3630356043157317
6871.0,-0.0004124113399315864,3.3538430492473315
6881.0,-0.00015676873400246225,3.334956098566922
6891.0,0.00036273244372155835,3.3118691177442225
6901.0,0.0010346545752285704,3.2906621388167188
6911.0,0.0016775999381548469,3.2763753901911943
6921.0,0.0020983302702214054,3.271745788759271
6931.0,0.0021595647974933588,3.2765154676506962
6941.0,0.0018322208255136406,3.2875212800146922
6951.0,0.0012135689599129809,3.2996678555128107
6961.0,0.0005039195336565092,3.307616833578545
6971.0,-5.500178679815444e-05,3.3077251336764517
6981.0,-0.0002641675633646113,3.299528610690801
6991.0,-4.2663406582205845e-05,3.286052431739336
7001.0,0.0005425070401664833,3.2726474626727518
7011.0,0.001310985964705982,3.2647881427474346
7021.0,0.0020503911259931048,3.2658354120113917
7031.0,0.0025993164761156646,3.2757624235499354
7041.0,0.002891125044667761,3.2912877994186824
7051.0,0.002947375159660514,3.3071674618044296
7061.0,0.002837578458773319,3.3180056583306965
7071.0,0.0026307046221754225,3.3199670092224567
7081.0,0.0023588061432005874,3.3119542117209013
7091.0,0.0020059999930062238,3.2959588156557498
7101.0,0.0015288732808280475,3.2764820771937613
7111.0,0.0009019580575245816,3.2592348094384733
7121.0,0.00016562496215274733,3.2495643598151953
7131.0,-0.0005530568512932178,3.251032004207898
7141.0,-0.0010640501414279297,3.264401622918835
7151.0,-0.0011778436022993552,3.2872250173533537
7161.0,-0.0007847073512852595,3.314193846174534
7171.0,8.390901301230091e-05,3.3383312757619263
7181.0,0.0012425722553887966,3.3529023199664665
7191.0,0.0024007833742516345,3.3536140335321605
7201.0,0.003259377813631563,3.3402713487065028
7211.0,0.0036167301181069663,3.316936154606299
7221.0,0.0034399305639990496,3.2902772134773195
7231.0,0.0028685228437772222,3.2669193748572583
7241.0,0.0021472713593689717,3.251221889697284
7251.0,0.0015193477504014594,3.244486181750043
7261.0,0.0011323967179177308,3.2455929987513747
7271.0,0.001001454208114324,3.25230687508008
7281.0,0.0010390767859555132,3.2623213457671185
7291.0,0.0011259918474636036,3.2735157168227986
7301.0,0.0011777499035700528,3.283610911769694
7311.0,0.0011729585752556203,3.2899372290592503
7321.0,0.0011379113606932315,3.2899137021298563
7331.0,0.0011106318532491985,3.282219381345612
7341.0,0.0011143633528884474,3.2680357892735503
7351.0,0.001153504430360008,3.2515069739039713
7361.0,0.0012235615078064889,3.238787545910477
7371.0,0.0013201102871438963,3.2357317757301036
7381.0,0.001438742708984884,3.2451841687581586
7391.0,0.0015672462195641724,3.265335136504457
7401.0,0.001677573942106265,3.2901463518863134
7411.0,0.0017271340355765052,3.311651787917927
7421.0,0.0016741112640405115,3.3229160801076962
7431.0,0.0015003942852554585,3.320291710382237
7441.0,0.0012256967522719477,3.304270235289724
7451.0,0.0008989056425902525,3.279022284306321
7461.0,0.000570174593824001,3.251094378928802
7471.0,0.0002647891227134651,3.2276486799524324
7481.0,-2.114884870684734e-05,3.214527561789928
7491.0,-0.00030178600386042664,3.2145862687256637
7501.0,-0.0005755144939553922,3.226911770490153
7511.0,-0.0008108387920844823,3.247316573310051
7521.0,-0.0009539285638560664,3.2698932388886335
7531.0,-0.000956162696976083,3.288932809484489
7541.0,-0.0008096127050435664,3.3005116511256345
7551.0,-0.0005710485188270392,3.3033656271891583
7561.0,-0.00035758648312435694,3.2989254963911026
7571.0,-0.0003122339041015724,3.2905327859986246
7581.0,-0.0005541386596716375,3.2820747430047277
7591.0,-0.0011327540865055726,3.2765424699658015
7601.0,-0.0019991602074185956,3.2750790497701785
7611.0,-0.0030030921618012852,3.276855113732166
7621.0,-0.0039217758312880486,3.279759662930882
7631.0,-0.004517461008428622,3.2815800523640273
7641.0,-0.004606109729626411,3.2810949724396634
7651.0,-0.004113311085261704,3.2784494051027857
7661.0,-0.0030998352225315566,3.274572212654431
7671.0,-0.0017501182619856805,3.2701274753204235
7681.0,-0.0003271047491863907,3.2649117608272906
7691.0,0.000892910110806152,3.258232848361657
7701.0,0.001685511661706482,3.2499547668791777
7711.0,0.0019265562104269322,3.2413370528040533
7721.0,0.001614346199693247,3.234941464628786
7731.0,0.0008614738601285217,3.2335340659878686
7741.0,-0.0001416786742828037,3.2386047435801113
7751.0,-0.00117978063204483,3.2494461099109593
7761.0,-0.0020633937698722473,3.2634396840049122
7771.0,-0.0026639665706780693,3.277372308375175
7781.0,-0.002929424633870836,3.2888357705659876
7791.0,-0.0028832945520783143,3.2967765821108603
7801.0,-0.0026109748039923214,3.3010808320139526
7811.0,-0.002235656142821095,3.3018715099896383
7821.0,-0.0018865620031605177,3.299250749548303
7831.0,-0.0016649827438598708,3.2936578027067043
7841.0,-0.0016180127469665683,3.286419704642054
7851.0,-0.0017304968420704103,3.279867110070184
7861.0,-0.0019385630217975515,3.2766612198605904
7871.0,-0.0021575591471387347,3.2785478419216494
7881.0,-0.002310467763612791,3.2852509089472006
7891.0,-0.0023440909197404362,3.294287445883874
7901.0,-0.002230194588527356,3.3020416087076505
7911.0,-0.0019609537416704595,3.305695309663897
7921.0,-0.0015502804993348268,3.304979035273156
7931.0,-0.0010419255199931444,3.30260870987759
7941.0,-0.0005138076306564679,3.3029194055372364
7951.0,-6.786417256625317e-05,3.3093163809879385
7961.0,0.00019555000922377207,3.3220203918284583
7971.0,0.000209928997277762,3.33750923916943
7981.0,-2.9720020924740266e-05,3.3500134345442003
7991.0,-0.0004518988046580155,3.3541490811153247
8001.0,-0.0009127090456392618,3.347191312282853
8011.0,-0.0012258970259238719,3.329932626713905
8021.0,-0.0012203326271609993,3.3060606911924846
8031.0,-0.0008107957873036927,3.2807541660871977
8041.0,-5.027672215528762e-05,3.2592839967130525
8051.0,0.0008703497725405335,3.245980708331945
8061.0,0.001684713017338733,3.2435141288143234
8071.0,0.002147157930319594,3.252377324263217
8081.0,0.002116689776203939,3.270651447720626
8091.0,0.001598002919820755,3.294232687951305
8101.0,0.0007367859359529219,3.3176067536221954
8111.0,-0.00021922476735977778,3.3350845719030935
8121.0,-0.0009838548059553586,3.342271733226759
8131.0,-0.0013128038154496282,3.3373968404793817
8141.0,-0.0010826454776559444,3.3219932626034163
8151.0,-0.0003383495862542681,3.3005144093821728
8161.0,0.0007166340618303486,3.2788659679328322
8171.0,0.001790450611216724,3.2623569611554295
8181.0,0.002607412306211527,3.253893796236604
8191.0,0.0030027404553000262,3.2531686992362014
8201.0,0.0029661348642612616,3.257123595347973
8211.0,0.0026208100187658876,3.261371934024842
8221.0,0.002158714150061914,3.2619238470386143
8231.0,0.0017651258885187828,3.256622804835913
8241.0,0.001555138717867735,3.245943495560131
8251.0,0.0015343735468773712,3.232939677388934
8261.0,0.0015973637149743261,3.2221923447018757
8271.0,0.0015739191405696983,3.217905011840208
8281.0,0.0013127908071830646,3.2218793815659095
8291.0,0.0007642683413372116,3.23244859290563
8301.0,1.4041119861306922e-05,3.245040972919247
8311.0,-0.0007566582394454331,3.25415144567628
8321.0,-0.0013660878731994494,3.255796209533782
8331.0,-0.0017278458826687317,3.249335396853478
8341.0,-0.0018902762532268754,3.237796966929434
8351.0,-0.0019960354495702506,3.226474191531232
8361.0,-0.0021882714078953463,3.220444608187559
8371.0,-0.0025223837491750853,3.222256980031454
8381.0,-0.0029341056335022322,3.23090223105599
8391.0,-0.0032734962046860566,3.2424656214603984
8401.0,-0.0033753325467769384,3.2520703493146015
8411.0,-0.0031264952040195764,3.256208075537003
8421.0,-0.0025051252921196488,3.2543746413328765
8431.0,-0.0015845330828533064,3.249166855171909
8441.0,-0.0005079772374238516,3.244760333189887
8451.0,0.0005515411506765918,3.24468299089056
8461.0,0.0014314428251846634,3.250231483509254
8471.0,0.0020111593120696633,3.260316969530324
8481.0,0.002233599348938547,3.2725199066365285
8491.0,0.0021158924721051673,3.284510505948413
8501.0,0.001746223725889933,3.29499149111191
8511.0,0.0012644938743459403,3.3037135295330504
8521.0,0.0008295601007083976,3.3106699099403123
8531.0,0.0005795124553812624,3.315110681318252
8541.0,0.0005933855430553004,3.3152263902422794
8551.0,0.0008669264825903764,3.308940045804719
8561.0,0.0013164627494141345,3.295380509992521
8571.0,0.0018129066829838405,3.2760269338155377
8581.0,0.002228490612715305,3.25475090948468
8591.0,0.0024727247756530487,3.2367172470549765
8601.0,0.0025069544063583684,3.226666760050847
8611.0,0.002342178410191008,3.2272952290184698
8621.0,0.002028812745681343,3.2383743828034643
8631.0,0.0016423384102612786,3.2569287434322534
8641.0,0.0012643214876632953,3.278276438651792
8651.0,0.0009600087854366991,3.2973864690937877
8661.0,0.0007594804682902267,3.310017121299139
8671.0,0.0006506593108698188,3.313426660670357
8681.0,0.0005865586818673173,3.3068230656866335
8691.0,0.0005035861829445083,3.2917594312178964
8701.0,0.0003465991548405167,3.272279841358201
8711.0,9.382169566897301e-05,3.2542645279656375
8721.0,-0.0002307857761064302,3.2436958627976415
8731.0,-0.0005684074814234628,3.2443729824364325
8741.0,-0.0008557387801113532,3.2562172496191675
8751.0,-0.0010557901775927908,3.2751402245724566
8761.0,-0.001169870180217073,3.2945774976213853
8771.0,-0.0012253289971832402,3.307898546495506
8781.0,-0.001246970129595191,3.310636838514351
8791.0,-0.001226344343354493,3.3018469233889607
8801.0,-0.0011076234575356182,3.284341439718936
8811.0,-0.0008087753805429255,3.2637819336067153
8821.0,-0.0002791082807279941,3.246810997229099
8831.0,0.00043824201418547813,3.238776574558914
8841.0,0.0011877256295443146,3.241855620515795
8851.0,0.0017521822628767546,3.2542871740240726
8861.0,0.0019479449031483112,3.271047098002507
8871.0,0.0017054304741824936,3.285774950923698
8881.0,0.001089574501276782,3.293190346334797
8891.0,0.0002607403934734838,3.290908476764394
8901.0,-0.0005864664915727123,3.2798572500111556
8911.0,-0.0012715483614954843,3.2633192613694755
8921.0,-0.0016590276781832199,3.245347674246677
8931.0,-0.0016863594319974703,3.2294275958934944
8941.0,-0.0013902855936829205,3.217852624818732
8951.0,-0.0009100939152438986,3.21177740549983
8961.0,-0.0004475620823980786,3.2116038778621907
8971.0,-0.00019159176929478818,3.2173427851902585
8981.0,-0.00024237632203074304,3.228753035011678
8991.0,-0.0005729307640763131,3.2452289740657045
9001.0,-0.0010467784384201079,3.2655411550544096
9011.0,-0.001482396429241659,3.2876707817103075
9021.0,-0.0017308491189230268,3.3090007231893432
9031.0,-0.0017272080068941548,3.326900968257264
9041.0,-0.0014950364715459593,3.3394208776301997
9051.0,-0.0011129539104492714,3.345717438014519
9061.0,-0.0006707814250412428,3.3460813433598715
9071.0,-0.00024035074718337836,3.3416664053581187
9081.0,0.00012988652171014647,3.3340619954642743
9091.0,0.00040419158011248673,3.3248074487102484
9101.0,0.000549180975907759,3.3150099207209256
9111.0,0.0005365972004817477,3.30529091536695
9121.0,0.00035992481575591455,3.296124457548996
9131.0,5.384734418611668e-05,3.288300439203455
9141.0,-0.0002990155283658343,3.283118670565887
9151.0,-0.0005846088463637338,3.2821422560839237
9161.0,-0.0006949728265792169,3.2866050420167943
9171.0,-0.0005717736954618237,3.2966493554418865
9181.0,-0.00023587279707356685,3.310660973658234
9191.0,0.0002125626680588711,3.325178223676437
9201.0,0.0006282168325616206,3.3358202742508194
9211.0,0.0008796620069650885,3.3390831280481477
9221.0,0.0009087603967718597,3.3340511313009196
9231.0,0.0007581334130301173,3.3228671959573584
9241.0,0.0005466229957642423,3.3095358348839663
9251.0,0.000403919628652046,3.29775823066113
9261.0,0.00040154241490289276,3.28913098051496
9271.0,0.0005166396197527732,3.2827421865806508
9281.0,0.0006447345892672431,3.2762578917261487
9291.0,0.0006552658014714088,3.2677050525019684
9301.0,0.0004640192537699803,3.2568761297990223
9311.0,8.330490362108456e-05,3.245651745788779
9321.0,-0.00038136421754248276,3.2371985687864635
9331.0,-0.0007867634554143593,3.234540981148957
9341.0,-0.0010237232108305495,3.2392076096802156
9351.0,-0.0010605170919873797,3.250513588707633
9361.0,-0.0009363234338315453,3.2657096397201193
9371.0,-0.0007194025246043262,3.2808872441255694
9381.0,-0.00046589902718760214,3.292275458774214
9391.0,-0.0002063865129242188,3.2974557045608726
9401.0,4.054544669501101e-05,3.2960857155532737
9411.0,0.0002499098492266519,3.2899208291453212
9421.0,0.0003891916215919932,3.282159607522156
9431.0,0.0004383908256283543,3.276339098438038
9441.0,0.0004150816397098434,3.275120832121125
9451.0,0.00038129747886031274,3.279355997639797
9461.0,0.00041933946334418796,3.2878028277910016
9471.0,0.0005847545874790704,3.2976895370742567
9481.0,0.0008639261435446446,3.3058842047428927
9491.0,0.0011667250477878943,3.3100133969258567
9501.0,0.0013661420530122288,3.308989477242514
9511.0,0.00136669776631673,3.3030441577313554
9521.0,0.0011601472280297776,3.293715847637128
9531.0,0.0008283208035202293,3.2838529171444293
9541.0,0.00048602683964275715,3.277227826128019
9551.0,0.0002034161150418144,3.277508008598571
9561.0,-3.292552624530128e-05,3.2868399270305515
9571.0,-0.0002905755233727795,3.3045854160153363
9581.0,-0.0006177739041631783,3.3267449014302533
9591.0,-0.0009806782666191886,3.3465148912622995
9601.0,-0.001256552446316982,3.356156687139319
9611.0,-0.001293795823904142,3.349713133625413
9621.0,-0.0010087890954102918,3.3254488356721903
9631.0,-0.0004608028438077882,3.2868747920379997
9641.0,0.00014639056765313894,3.2419086361184357
9651.0,0.0005433386557468844,3.2005170782646135
9661.0,0.0005135075438062787,3.1716939974932523
9671.0,-8.104094700864242e-06,3.160823055579966
9681.0,-0.0009011561758748412,3.168302363612686
9691.0,-0.001901084922083565,3.189819406508249
9701.0,-0.0026927815896534008,3.218106830018932
9711.0,-0.003020447655870348,3.2455178455333216
9721.0,-0.002778214500809486,3.26645538268888
9731.0,-0.0020500327852027633,3.2788124324212355
9741.0,-0.001077540686720203,3.2840613481598173
9751.0,-0.0001624284522854942,3.286081027744219
9761.0,0.0004539907626599646,3.2891140442644757
9771.0,0.0006751927966873678,3.295568439315559
9781.0,0.0005592755866507177,3.3046625307014206
9791.0,0.0002592553197562936,3.312746940143917
9801.0,-6.412686057834284e-05,3.3152657626125506
9811.0,-0.0003077753672171108,3.309208837849268
9821.0,-0.00044251390069725805,3.294546882412523
9831.0,-0.00048502614847729464,3.273951266550732
9841.0,-0.0004536905447651937,3.251323016452921
9851.0,-0.000342279467619091,3.2301967051485754
9861.0,-0.00013011252558312616,3.212758842002108
9871.0,0.000182580211726821,3.1996969745253345
9881.0,0.0005469873507556451,3.1907920161434413
9891.0,0.0008713639584642381,3.1859019226604355
9901.0,0.0010568588458681174,3.1857016747078934
9911.0,0.0010386910466311586,3.191591835906794
9921.0,0.0008097732303404094,3.204732528468136
9931.0,0.0004200520385559111,3.2248029289989493
9941.0,-4.3099145690756465e-05,3.24928210405828
9951.0,-0.0004856672339815268,3.2737143950831418
9961.0,-0.0008396885633690033,3.2929208713710216
9971.0,-0.0010829276977955017,3.302732501026581
9981.0,-0.0012302902170078381,3.3015892716140454
9991.0,-0.001297698642068784,3.2913000715778247
10001.0,-0.0012639488821224241,3.276501879495657
10011.0,-0.001064826657167822,3.2629190196183577
10021.0,-0.0006317602932494014,3.2551508990829126
10031.0,4.880955570859324e-05,3.254983523749312
10041.0,0.0008969067076223767,3.2609447181061064
10051.0,0.0017486669123617058,3.269233395654543
10061.0,0.002410090575387888,3.275571600856295
10071.0,0.0027258285482785532,3.277145368966145
10081.0,0.002629309873688753,3.2737646373805265
10091.0,0.0021558431350323574,3.2677506005048467
10101.0,0.001422592426023393,3.2626805472223075
10111.0,0.0005926419671764649,3.261669018914311
10121.0,-0.00016168622078089267,3.266057919030898
10131.0,-0.0006924102487341954,3.2750959488831706
10141.0,-0.0009099206611753964,3.2866063378458312
10151.0,-0.0008141974457847359,3.2981854109609654
10161.0,-0.0005047370502472787,3.3083155920928915
10171.0,-0.0001489706639348449,3.316832169181314
10181.0,8.699160759058996e-05,3.3244864014293722
10191.0,0.00010982534101828101,3.3318924590850303
10201.0,-7.038898140748705e-05,3.3385719999254606
10211.0,-0.0003672158231020361,3.342756692474812
10221.0,-0.0006799094146037319,3.34213535683604
10231.0,-0.0009455705929600574,3.3351534844309048
10241.0,-0.0011490719834906923,3.3221005834050192
10251.0,-0.0012950827060387473,3.30530319499947
10261.0,-0.0013745077791465824,3.2882868208080733
10271.0,-0.001354220382339779,3.2743950017195624
10281.0,-0.0011939738373358167,3.26559207568075
10291.0,-0.0008739688521037827,3.261954548397644
10301.0,-0.0004142485512171477,3.261965381742767
10311.0,0.0001233904956830588,3.263412808558567
10321.0,0.0006513413434687563,3.264485790317855
10331.0,0.0010855592589050819,3.2645349194104365
10341.0,0.0013782343360167523,3.264079726065148
10351.0,0.0015369527197538577,3.2641209001560667
10361.0,0.0016161057482776801,3.2653419210168395
10371.0,0.0016832192522662234,3.2677839357067224
10381.0,0.001780647097152507,3.2710280252181314
10391.0,0.0019043684284695754,3.2745079339698266
10401.0,0.0020082393981663642,3.277750724499067
10411.0,0.0020292673862753463,3.2806439374118335
10421.0,0.0019232450822572798,3.283669851422191
10431.0,0.0016952030898817144,3.287740342029362
10441.0,0.0014066660766390753,3.2934970657892295
10451.0,0.0011504397900415249,3.3005623085176192
10461.0,0.0010024974878758374,3.3074337419811477
10471.0,0.0009756363285580566,3.3122329547069236
10481.0,0.0010006817681856152,3.313830381144688
10491.0,0.0009484850013421809,3.3125352228441525
10501.0,0.0006863690908857531,3.3097993629241484
10511.0,0.00014539721619258192,3.3071119774887383
10521.0,-0.0006326816902370548,3.3048833615587583
10531.0,-0.0014948819231551445,3.3020528167437324
10541.0,-0.002230575727168376,3.2965645766014906
10551.0,-0.0026591157599525155,3.2863948314294213
10561.0,-0.0027079887009313916,3.2706920165528484
10571.0,-0.0024380360019919966,3.2505489268183494
10581.0,-0.002001512088891897,3.22895332720612
10591.0,-0.0015594943270927472,3.209815226412128
10601.0,-0.0012080809264208368,3.196542133261074
10611.0,-0.0009514863738839988,3.1909366884322017
10621.0,-0.000726334206542993,3.1929287226748184
10631.0,-0.0004536078346377488,3.2010741791763846
10641.0,-8.860865125439543e-05,3.213345908135824
10651.0,0.0003525070833422795,3.2277421460205407
10661.0,0.0007995379665572036,3.2425144684227964
10671.0,0.0011637267004121963,3.2560909287934217
10681.0,0.0013804480852214322,3.2669063691207367
10691.0,0.0014323506134895098,3.2734137792152853
10701.0,0.0013431274102846543,3.2745089572459247
10711.0,0.001155751185857486,3.2702956893530506
10721.0,0.0009138289375635918,3.2626980767574785
10731.0,0.0006514731028346594,3.2553332436118256
10741.0,0.00038824169366573087,3.2524352246189348
10751.0,0.00012925589771994907,3.2571825492786566
10761.0,-0.0001267492140713437,3.270198143283291
10771.0,-0.0003750928347319824,3.289027524374662
10781.0,-0.0005979290024641006,3.30894431112572
10791.0,-0.000766519445862595,3.32471646616878
10801.0,-0.0008476800889407506,3.3325018637323676
10811.0,-0.0008075645451452117,3.331089474167747
10821.0,-0.0006143419521243477,3.3220851870493195
10831.0,-0.00024847194874550837,3.3090816781521655
10841.0,0.0002761832944379521,3.296220625881202
10851.0,0.000892646724415554,3.2867688019382966
10861.0,0.0014826955093760134,3.2822611299290245
10871.0,0.0019081246502099336,3.282411490829893
10881.0,0.0020568542965140146,3.285596538162074
10891.0,0.0018792233253057831,3.2895581935372076
10901.0,0.001398994346427446,3.2920866997102487
10911.0,0.0006989319813060964,3.2916360273787713
10921.0,-0.00010998496249052972,3.2878627961636475
10931.0,-0.0009229692153511114,3.2819306319690167
10941.0,-0.0016655588568782933,3.2762880812680124
10951.0,-0.002297430318744575,3.273767503986868
10961.0,-0.0027963385747511826,3.2762677629144306
10971.0,-0.003135311150741057,3.2836675121794796
10981.0,-0.0032711445477079213,3.293634264380468
10991.0,-0.0031527450033648815,3.302573941456832
11001.0,-0.0027427783214634825,3.3073360225555497
11011.0,-0.0020407775399633077,3.306816783911338
11021.0,-0.001099287812712337,3.302572770055144
11031.0,-2.554749496848948e-05,3.2980421551081265
11041.0,0.001038293165563115,3.296765087980384
11051.0,0.0019533215603655418,3.3006083089685476
11061.0,0.002621800628625181,3.3089714877928094
11071.0,0.0030027720886063873,3.3192985521356575
11081.0,0.0031000204150463634,3.328440632141007
11091.0,0.0029392972286144074,3.33403894049543
11101.0,0.002555432588348756,3.3352709353638916
11111.0,0.0019934849560904,3.3328053250020258
11121.0,0.0013139274714359262,3.3282405644079693
11131.0,0.0005937716192657931,3.3233839584193596
11141.0,-7.680808269710982e-05,3.3195739098436996
11151.0,-0.0006020435743780293,3.3171841913433395
11161.0,-0.000895194730621851,3.315511874114997
11171.0,-0.0009002752802773495,3.3131725744596876
11181.0,-0.0006127201701196282,3.3088655565667873
11191.0,-8.817927549681904e-05,3.302154198089654
11201.0,0.0005650276967164785,3.2938359583264774
11211.0,0.0012078984890153315,3.285580718419358
11221.0,0.0017027621797672343,3.2789316151468877
11231.0,0.0019469452140276388,3.274342589195306
11241.0,0.0018959331396825787,3.271056598864687
11251.0,0.0015678690386713965,3.267962846590194
11261.0,0.0010310035953460148,3.264689816582359
11271.0,0.0003823093092795306,3.26201416048283
11281.0,-0.00027408094723350296,3.261334493528026
11291.0,-0.0008431764139229774,3.2637111450961998
11301.0,-0.0012492552752973855,3.269129872815392
11311.0,-0.0014420559681127872,3.2763134626853745
11321.0,-0.0014019797212630309,3.2830705604526726
11331.0,-0.001147343480549067,3.287028962213176
11341.0,-0.0007442514196653167,3.28651321762756
11351.0,-0.00031046938423650607,3.281230756440615
11361.0,3.9059318013498e-06,3.2724516879612406
11371.0,6.86157908149965e-05,3.2625664453105054
11381.0,-0.0001582104051662708,3.2541843997467024
11391.0,-0.0005868457567404941,3.249181989611882
11401.0,-0.0010175165123707797,3.248191425470958
11411.0,-0.0012276049728317919,3.2507808721948273
11421.0,-0.0010769108134394904,3.256095447670991
11431.0,-0.0005679059161693802,3.2634119114029567
11441.0,0.00016928023859257233,3.2722149923757695
11451.0,0.0009463706367171075,3.2818725039705647
11461.0,0.0015929768348646978,3.291314869905616
11471.0,0.002001396000042893,3.2990473188892295
11481.0,0.0021325789749460683,3.303504147101272
11491.0,0.002000949033953526,3.30352491639258
11501.0,0.0016605489926011948,3.298739286438725
11511.0,0.00119936473828621,3.289776978079959
11521.0,0.0007293105557585874,3.278267622647489
11531.0,0.000357339483887632,3.2665463652009303
11541.0,0.00014270888479952509,3.2570328462645755
11551.0,6.68746622004415e-05,3.2514786927924715
11561.0,4.115489976998873e-05,3.250467165107968
11571.0,-4.83066145362471e-05,3.2534461393296876
11581.0,-0.0002841128050336538,3.259215971918479
11591.0,-0.0006789122690451893,3.266507274406799
11601.0,-0.0011679932738493453,3.274319592507965
11611.0,-0.0016298087253640695,3.2819382723078387
11621.0,-0.0019239679480387356,3.288757895807987
11631.0,-0.0019365456443942097,3.2941099043563056
11641.0,-0.001622180650950967,3.2972105722527503
11651.0,-0.0010292688722556994,3.297202216886622
11661.0,-0.0002948690927690503,3.293248266378749
11671.0,0.00039465466192224085,3.2847773798272786
11681.0,0.0008654113063346952,3.271968907761182
11691.0,0.0010157130428075987,3.2562742482108336
11701.0,0.0008488568754519589,3.2404919325582413
11711.0,0.00046649949969157056,3.228080397465535
11721.0,2.7774453707603255e-05,3.2219508067303275
11731.0,-0.00030765979151898697,3.223420274088358
11741.0,-0.00043205399923692194,3.231888971525975
11751.0,-0.00032328333625032744,3.245244136123092
11761.0,-5.261814396174497e-05,3.2605439320187295
11771.0,0.00023685519811740866,3.274571805612502
11781.0,0.0003787457434291241,3.2842187811188195
11791.0,0.0002457625484312732,3.286954935043049
11801.0,-0.00019555049251173418,3.2816183243704815
11811.0,-0.0008587879394584669,3.26931919064112
11821.0,-0.0015527617681879602,3.2537555794186925
11831.0,-0.002036932866072286,3.240299420746822
11841.0,-0.0021013918576966778,3.234021508949303
11851.0,-0.0016435277881871047,3.23766475211814
11861.0,-0.0007116113819230514,3.250638880473501
11871.0,0.0005023683348625686,3.269430607411753
11881.0,0.0017166157742341012,3.2890676734268585
11891.0,0.00263745258429518,3.3049365914954945
11901.0,0.0030350279600716216,3.3143096258266946
11911.0,0.002801670416540205,3.317100935401186
11921.0,0.0019871158467806324,3.315523550715177
11931.0,0.000800637815495739,3.3126594520724133
11941.0,-0.0004355235047052638,3.310611384306195
11951.0,-0.0013824142671545075,3.309395647383208
11961.0,-0.0017988427889710434,3.3073480064183567
11971.0,-0.0016228514604404156,3.30268547417831
11981.0,-0.0009843592689941691,3.2950125619027504
11991.0,-0.00014980220275270575,3.2856922525332846
12001.0,0.0005735574763546048,3.276896169361702
12011.0,0.0009400469971869703,3.2700949500586076
12021.0,0.0008447598497972794,3.2651176007438165
12031.0,0.0003543714581689122,3.2604719805497333
12041.0,-0.00032403958690171216,3.2546916316012307
12051.0,-0.0009267212548347305,3.247720738973532
12061.0,-0.0012358698741792675,3.24133383871712
12071.0,-0.001159910431599115,3.238321303027181
12081.0,-0.00076320306047536,3.2410291427444538
12091.0,-0.00023816932282774036,3.2501360186701285
12101.0,0.00016872927746286971,3.264243625999914
12111.0,0.0002513307550383112,3.280408267796452
12121.0,-7.695166177703026e-05,3.2953647953145873
12131.0,-0.0007507850754050052,3.30682783331438
12141.0,-0.0015775346843895104,3.3141282235104317
12151.0,-0.0023021846945279617,3.3178800026015027
12161.0,-0.0026851850988011635,3.319093434560308
12171.0,-0.0025718994456052574,3.318465778019669
12181.0,-0.001939437394027769,3.316259486315296
12191.0,-0.0009089669313885919,3.312602595645238
12201.0,0.000283823038001485,3.307716080416477
12211.0,0.0013561811793668644,3.3017570286648965
12221.0,0.0020643055051065774,3.2945145207663264
12231.0,0.002276625222578573,3.2855071097434054
12241.0,0.002005844672565517,3.27466291267782
12251.0,0.001390699267361112,3.2630594796915187
12261.0,0.0006402496914328023,3.2529326653991566
12271.0,-3.576930798090054e-05,3.246662521206634
12281.0,-0.00048655225778116606,3.2452930524533015
12291.0,-0.0006506168554113986,3.2476155959344664
12301.0,-0.0005495101674211281,3.2505560627372905
12311.0,-0.00025533545825970924,3.2507690227835897
12321.0,0.00014415332726308705,3.246542518266615
12331.0,0.0005635140035714472,3.2388881152470046
12341.0,0.000921969461148217,3.2311637059328877
12351.0,0.0011487683266035245,3.2274414006427232
12361.0,0.0012039863443621005,3.2305527024409
12371.0,0.0011033324803448664,3.240854220815809
12381.0,0.0009221542598505932,3.2562209841103282
12391.0,0.000767194189758156,3.273051952351329
12401.0,0.0007310038893368764,3.287659938297529
12411.0,0.0008576019233333247,3.2974283506597866
12421.0,0.0011365472290087671,3.301359082697267
12431.0,0.0015175227297323853,3.2999113344923168
12441.0,0.0019252016630692801,3.294324907049727
12451.0,0.002267457497319468,3.285931177143982
12461.0,0.0024489995439472886,3.27597312437705
12471.0,0.002399400075898819,3.265923701774456
12481.0,0.0021027020078508685,3.2576878118051473
12491.0,0.0016051102559746682,3.2531728737090337
12501.0,0.0009925546883434017,3.2534208255726766
12511.0,0.0003544106629047626,3.2579532394029393
12521.0,-0.00024074145081174177,3.264798395338836
12531.0,-0.0007437696174971733,3.271215360752425
12541.0,-0.001107766351648298,3.2747834082037337
12551.0,-0.001279117662826402,3.2743621320604954
12561.0,-0.0012129486618617318,3.270485822725115
12571.0,-0.000905893771717006,3.2650405106899685
12581.0,-0.0004226079688071073,3.2604292468506824
12591.0,0.00010597967422495857,3.2586663391672688
12601.0,0.0005195939274835282,3.2608283227507204
12611.0,0.000687561947977251,3.2670064572880193
12621.0,0.0005614384637807695,3.2765634650859283
12631.0,0.0001947359265892437,3.288414544735511
12641.0,-0.00027765787013896793,3.301238806486157
12651.0,-0.0006883117730229746,3.313679361210563
12661.0,-0.0008962821781580663,3.3245478545579688
12671.0,-0.0008397888629664131,3.3329420609491787
12681.0,-0.0005644386839298144,3.338172148121113
12691.0,-0.00020949179831813265,3.3395180561169693
12701.0,5.1062061412475155e-05,3.336046309054624
12711.0,9.124797079089174e-05,3.3267954131974573
12721.0,-9.923936785802249e-05,3.3114139113867083
12731.0,-0.0003986314186291035,3.290948642286135
12741.0,-0.0006020131991662428,3.2682648323110586
12751.0,-0.0005182673439357262,3.2476672733066256
12761.0,-7.004881633159335e-05,3.2336362344263088
12771.0,0.0006558409609351532,3.229106363538369
12781.0,0.001437140045260525,3.2341291575519606
12791.0,0.0020106744208140655,3.2456930534501955
12801.0,0.0021856008634164935,3.258895144681261
12811.0,0.0019221215788580426,3.2689394442940864
12821.0,0.00134289226983526,3.2729955186480466
12831.0,0.000677210388749246,3.2710400221449873
12841.0,0.00016637825639740522,3.2653948774405346
12851.0,-2.9085017203916914e-05,3.25937202186773
12861.0,0.00011580421827262924,3.2557875517430546
12871.0,0.0004935500079532672,3.2560149829800715
12881.0,0.0009211469238589926,3.259843241214114
12891.0,0.0012239525272128844,3.265888923060982
12901.0,0.0013079320521160343,3.272060323525307
12911.0,0.001188325735863437,3.2758822501189515
12921.0,0.0009645008610118734,3.274981109068031
12931.0,0.0007563085323104309,3.2679451005713025
12941.0,0.0006342240088559137,3.255158563209707
12951.0,0.0005784445386118499,3.238942374323815
12961.0,0.0004900789624194316,3.222808287951679
12971.0,0.0002517130867621794,3.2102773113685408
12981.0,-0.00019353910297234704,3.2039038825179493
12991.0,-0.0007873807887233003,3.204871810274999
13001.0,-0.0013584949217797177,3.2130880302132367
13011.0,-0.0016885957891245237,3.227412099002908
13021.0,-0.0016169649656826782,3.245749977054223
13031.0,-0.00113029822485746,3.2651258189906143
13041.0,-0.0003840597909488463,3.282092761599469
13051.0,0.0003615943357338857,3.293618407563687
13061.0,0.0008578625063511331,3.298077023062963
13071.0,0.0009747529882778724,3.2957377587973764
13081.0,0.0007483597478370974,3.2884262764324608
13091.0,0.0003486063630770734,3.2785844493303284
13101.0,-1.3570085557919667e-05,3.268303666239593
13111.0,-0.00019128851739347508,3.2588565007081884
13121.0,-0.0001653040045127916,3.2508850061514707
13131.0,-3.6287317114390255e-05,3.2449398321586034
13141.0,4.451773712507434e-05,3.241808582223619
13151.0,-3.421634910211039e-05,3.2422795249368876
13161.0,-0.00027992393109297275,3.24650472215012
13171.0,-0.0005902023836915021,3.253454101211729
13181.0,-0.0008049835560543786,3.260865357659855
13191.0,-0.0007850310231021487,3.265828133747146
13201.0,-0.00047320072853134745,3.2658859842033743
13211.0,8.82142802471997e-05,3.2602675523142497
13221.0,0.0007812804371553903,3.250643203608193
13231.0,0.0014560601279669896,3.2408754658584527
13241.0,0.0019726495608283984,3.2356882190077636
13251.0,0.002230677637725436,3.2388007340028344
13261.0,0.0021858357493614103,3.2514239136996155
13271.0,0.001856096825024914,3.2718230579872274
13281.0,0.001316392135792829,3.296075120925182
13291.0,0.0006788243251895965,3.3195696055551713
13301.0,6.230553762006349e-05,3.3384943287768083
13311.0,-0.0004360569101264848,3.3506630750817474
13321.0,-0.0007562399696676612,3.355553726746533
13331.0,-0.0008750499143057791,3.353936154772764
13341.0,-0.0007968504986185911,3.347508379234025
13351.0,-0.0005442616398736311,3.338575611523718
13361.0,-0.0001547855984774857,3.3295265203511133
13371.0,0.0003171577321482664,3.3220395162455705
13381.0,0.0008002073967853222,3.3163783148392767
13391.0,0.0012170341581634703,3.311298775655977
13401.0,0.0015078003747161714,3.3047571687707564
13411.0,0.0016553066558408324,3.295075599671147
13421.0,0.00169358491360268,3.2819468995594225
13431.0,0.0016869874078808101,3.2668055266064533
13441.0,0.0016855693417468056,3.252437263409143
13451.0,0.0016842221047483515,3.2419989828329885
13461.0,0.0016182248233525872,3.2378224081854814
13471.0,0.001405179532716652,3.2404835702011443
13481.0,0.0010069222611781728,3.248547863871779
13491.0,0.00046729922934504134,3.259133930706907
13501.0,-9.951903591756349e-05,3.2690929140596894
13511.0,-0.0005578384829384532,3.2762862607106156
13521.0,-0.0008019048406186463,3.280314607925258
13531.0,-0.000783524416418492,3.2823084073193565
13541.0,-0.0005120799949495738,3.2839730151297855
13551.0,-3.97304854140343e-05,3.2865255267434104
13561.0,0.0005528208601421259,3.2901021115767866
13571.0,0.0011636249618435484,3.2937933689136987
13581.0,0.0016756871630982447,3.2960905260427618
13591.0,0.001971153956118027,3.2954429621007164
13601.0,0.001953854975725161,3.2907797300211805
13611.0,0.0015722526869359258,3.281973123525741
13621.0,0.0008374719249447096,3.2701306139977135
13631.0,-0.00016333491313999488,3.2574614742340953
13641.0,-0.0012627709709172113,3.2466096466868
13651.0,-0.00223248844952517,3.239732672262949
13661.0,-0.0028371141076822914,3.237824174527025
13671.0,-0.002912505613076995,3.240609392071787
13681.0,-0.002434502033461635,3.2469783166626245
13691.0,-0.0015399289717460069,3.255626825873447
13701.0,-0.0004840760999548552,3.2655070485935913
13711.0,0.0004458693084676893,3.2759024944818034
13721.0,0.001020084106830645,3.286275910033516
13731.0,0.0011231341903185283,3.296145890767616
13741.0,0.0007685322268088401,3.305059062407913
13751.0,8.038804685494682e-05,3.3125476096311455
13761.0,-0.000745638938079103,3.318022767446651
13771.0,-0.0014950855997309565,3.320728411512683
13781.0,-0.0019928005306756678,3.3199032577288703
13791.0,-0.0021510568957364275,3.3150967225665946
13801.0,-0.0019897318552759167,3.3063897542969056
13811.0,-0.0016168382389068502,3.2943621342105587
13821.0,-0.0011728901679304228,3.279915049102753
13831.0,-0.0007636444018328946,3.264161348968489
13841.0,-0.00041745339740462443,3.2484568355493697
13851.0,-9.061231305127822e-05,3.2344563963593416
13861.0,0.0002842608504649857,3.2239952704968857
13871.0,0.0007329023950807449,3.218699595001337
13881.0,0.0011903731197623656,3.219492813156801
13891.0,0.0014991159551628408,3.2263087131451993
13901.0,0.001468003306506752,3.238123131447249
13911.0,0.0009728316405494388,3.2531207439390797
13921.0,4.824053089606657e-05,3.268816328192745
13931.0,-0.0010823639142485077,3.2822150710508797
13941.0,-0.0020652932178901193,3.290268807001236
13951.0,-0.002547166371929518,3.290744417514432
13961.0,-0.0023222093598623227,3.2832342730588877
13971.0,-0.0014250585046549377,3.269721461482258
13981.0,-0.0001190457045452489,3.2542248394200404
13991.0,0.0012166761654926316,3.241590123167075
14001.0,0.0022406044170563575,3.235987581097405
14011.0,0.002760694418282977,3.239689494136229
14021.0,0.0027561074181244923,3.252379613638887
14031.0,0.0023244880196418988,3.271065424174808
14041.0,0.0016104620525412812,3.2907040256448816
14051.0,0.0007592720963410279,3.3055652557162736
14061.0,-9.971378432164757e-05,3.3109976975673234
14071.0,-0.0008589318584963483,3.3049383940278583
14081.0,-0.0014423472212244997,3.2885578060775607
14091.0,-0.0018178671369381253,3.2658375206013406
14101.0,-0.0020044111465997373,3.242316689279395
14111.0,-0.002067503661083986,3.2234832091555177
14121.0,-0.002101050594887064,3.2133397265142407
14131.0,-0.0021979354306447987,3.2135577463763743
14141.0,-0.0024185565333980654,3.2233462236680115
14151.0,-0.002769247951102965,3.2399005471736717
14161.0,-0.0031977029027028822,3.2592574101389427
14171.0,-0.0036048011965060605,3.2774200616384896
14181.0,-0.0038697839319836117,3.2914825749494736
14191.0,-0.003887301107570395,3.300278467767568
14201.0,-0.0036091485787504746,3.304214361592603
14211.0,-0.003069511337811448,3.3044832384040395
14221.0,-0.0023711336666804943,3.3022525054907512
14231.0,-0.001635740741431418,3.2982849253818913
14241.0,-0.000953123571318789,3.2930406277183275
14251.0,-0.0003633407661252911,3.2870219110728343
14261.0,0.00012564300497381405,3.281003694182601
14271.0,0.0005107276871592474,3.2758708124469127
14281.0,0.0007809079655463532,3.2721532472609027
14291.0,0.0009223730791173534,3.269715867282795
14301.0,0.0009299334168855665,3.2679256117327613
14311.0,0.0008128017469129534,3.2660974860441976
14321.0,0.0005904589283755011,3.263790503402835
14331.0,0.00028236222909118583,3.260837149491185
14341.0,-9.932043169161327e-05,3.257344016135692
14351.0,-0.0005434606210456168,3.2538481921413744
14361.0,-0.0010171685303685342,3.2514830183754704
14371.0,-0.0014404106033043028,3.2517870127288164
14381.0,-0.0016850581675881904,3.2559476518424972
14391.0,-0.0016165275290592545,3.263772951060467
14401.0,-0.001166082628218609,3.2731120698343297
14411.0,-0.000393228343306559,3.2803278563515237
14421.0,0.0005061125706930957,3.281793195386036
14431.0,0.0012632671765912316,3.275749045297189
14441.0,0.001646931026619019,3.2636047047612173
14451.0,0.0015622029358721467,3.2499129780530005
14461.0,0.0010851162506896796,3.240780227666858
14471.0,0.0004189767934172092,3.2412811678400835
14481.0,-0.0001971076043689863,3.253126573454967
14491.0,-0.0005798841005359059,3.2738014203533696
14501.0,-0.0006572459575213092,3.2975440450708344
14511.0,-0.0004714209942343554,3.3175231223519073
14521.0,-0.0001346566538589652,3.328159836466803
14531.0,0.00023839719323820292,3.3268030707311493
14541.0,0.00058559863454193,3.314384683941839
14551.0,0.000910486802879071,3.2949682431969403
14561.0,0.0012497173420922517,3.2743759988924106
14571.0,0.001619293529090688,3.2583634877513563
14581.0,0.0019774994434102484,3.25092025861622
14591.0,0.0022301033603025736,3.253179142518786
14601.0,0.002273201196762711,3.2632537905041157
14611.0,0.0020445406982278944,3.2770898945707607
14621.0,0.0015539551488247848,3.2900601807472625
14631.0,0.0008822623889754794,3.2987018140503532
14641.0,0.00015536452698077205,3.301874101579026
14651.0,-0.0004928922646176552,3.3008005854282314
14661.0,-0.0009551522432375668,3.298000754231977
14671.0,-0.0011727831471003273,3.295786871640519
14681.0,-0.0011439702975268914,3.2952315431100065
14691.0,-0.0009185012188185854,3.296047515259875
14701.0,-0.0005782266854506557,3.2971570813200493
14711.0,-0.00020658430012598426,3.2974504214979063
14721.0,0.00013913511128509388,3.2963445585145585
14731.0,0.0004376881259561818,3.2939696086534997
14741.0,0.0006933365137562634,3.290996456429161
14751.0,0.0009153061486086319,3.28823576502656
14761.0,0.0010995385340646857,3.286159651356965
14771.0,0.0012199498806829683,3.2845378143614568
14781.0,0.0012334263881429335,3.2824837673776055
14791.0,0.0011004174354482098,3.279100162166519
14801.0,0.0008150325857956883,3.2744209742913055
14811.0,0.0004280254047508579,3.2699020673411128
14821.0,4.372840173577172e-05,3.2678970162700534
14831.0,-0.0002160740871888792,3.270325387106885
14841.0,-0.000267424039670715,3.277438470968153
14851.0,-0.00010892464066703567,3.287579723275109
14861.0,0.00017054586809603882,3.298077450709363
14871.0,0.00042563306807632146,3.306563341740566
14881.0,0.0005108897561419215,3.311842279564778
14891.0,0.0003331995265378327,3.313963088034655
14901.0,-0.00011781263965385137,3.313731515249343
14911.0,-0.0007668225157176896,3.3121077638237004
14921.0,-0.00147445280192917,3.3097778558890067
14931.0,-0.0020763838504374364,3.3069578429238162
14941.0,-0.002429599189105487,3.3034002814789036
14951.0,-0.002452611577061592,3.2985969979427026
14961.0,-0.0021463840890804994,3.29213474005121
14971.0,-0.0015888478638616805,3.2840451941768487
14981.0,-0.0009070168701471609,3.2749568650505267
14991.0,-0.00023960330971301594,3.2659794460595895
15001.0,0.0002942805607445883,3.2584624738653805
15011.0,0.0006088290408163406,3.2538953804075765
15021.0,0.0006485730638150911,3.254018110619115
15031.0,0.00038372148476128293,3.260758307270363
15041.0,-0.00018186498522557466,3.275506997205897
15051.0,-0.0009938145782025173,3.2978969059311125
15061.0,-0.0019408634950768638,3.3250538655946427
